model,subset,n,rps,log_loss,brier,config_hash
baserate,all_scored,8790,0.228694,1.065219,0.643660,2f9bdfc7ecc7
dixon_coles,all_scored,8790,0.198926,0.985047,0.582326,2f9bdfc7ecc7
elo,all_scored,8790,0.198246,0.975754,0.580548,2f9bdfc7ecc7
market,all_scored,5370,0.193718,0.956244,0.566131,2f9bdfc7ecc7
poisson,all_scored,8790,0.200368,0.989630,0.585450,2f9bdfc7ecc7
baserate,closing_any,5370,0.232187,1.069022,0.646616,2f9bdfc7ecc7
dixon_coles,closing_any,5370,0.199958,0.978136,0.579534,2f9bdfc7ecc7
elo,closing_any,5370,0.200218,0.976576,0.580013,2f9bdfc7ecc7
market,closing_any,5370,0.193718,0.956244,0.566131,2f9bdfc7ecc7
market_proportional,closing_any,5370,0.193718,0.956244,0.566131,2f9bdfc7ecc7
market_shin,closing_any,5370,0.193711,0.956239,0.566111,2f9bdfc7ecc7
poisson,closing_any,5370,0.201909,0.984454,0.583666,2f9bdfc7ecc7
baserate,closing_psc,5150,0.232289,1.067568,0.645615,2f9bdfc7ecc7
dixon_coles,closing_psc,5150,0.199293,0.974315,0.576951,2f9bdfc7ecc7
elo,closing_psc,5150,0.199452,0.972705,0.577216,2f9bdfc7ecc7
market,closing_psc,5150,0.192984,0.952307,0.563295,2f9bdfc7ecc7
market_proportional,closing_psc,5150,0.192984,0.952307,0.563295,2f9bdfc7ecc7
market_shin,closing_psc,5150,0.192949,0.952196,0.563198,2f9bdfc7ecc7
poisson,closing_psc,5150,0.201241,0.980538,0.581014,2f9bdfc7ecc7
