model,season,n,rps
baserate,2003,380,0.223654
baserate,2004,380,0.219327
baserate,2005,380,0.229491
baserate,2006,380,0.221933
baserate,2007,380,0.223794
baserate,2008,380,0.227116
baserate,2009,380,0.217364
baserate,2010,380,0.215530
baserate,2011,380,0.230686
baserate,2012,380,0.224138
baserate,2013,380,0.235341
baserate,2014,380,0.229897
baserate,2015,380,0.229005
baserate,2016,380,0.227707
baserate,2017,380,0.225797
baserate,2018,380,0.238057
baserate,2019,380,0.230260
baserate,2020,380,0.248164
baserate,2021,380,0.236287
baserate,2022,380,0.227509
baserate,2023,380,0.234201
baserate,2024,380,0.236875
baserate,2025,380,0.227798
baserate,2026,50,0.228990
poisson,2003,380,0.210412
poisson,2004,380,0.193573
poisson,2005,380,0.201177
poisson,2006,380,0.199160
poisson,2007,380,0.180020
poisson,2008,380,0.192884
poisson,2009,380,0.191655
poisson,2010,380,0.206192
poisson,2011,380,0.206455
poisson,2012,380,0.191601
poisson,2013,380,0.202003
poisson,2014,380,0.202281
poisson,2015,380,0.215500
poisson,2016,380,0.193911
poisson,2017,380,0.193181
poisson,2018,380,0.186369
poisson,2019,380,0.202013
poisson,2020,380,0.217885
poisson,2021,380,0.197597
poisson,2022,380,0.217150
poisson,2023,380,0.191072
poisson,2024,380,0.202340
poisson,2025,380,0.213728
poisson,2026,50,0.202641
elo,2003,380,0.205027
elo,2004,380,0.195007
elo,2005,380,0.195081
elo,2006,380,0.197716
elo,2007,380,0.180542
elo,2008,380,0.188859
elo,2009,380,0.187227
elo,2010,380,0.203695
elo,2011,380,0.203199
elo,2012,380,0.190419
elo,2013,380,0.195554
elo,2014,380,0.202532
elo,2015,380,0.214110
elo,2016,380,0.188626
elo,2017,380,0.189971
elo,2018,380,0.190435
elo,2019,380,0.200458
elo,2020,380,0.225136
elo,2021,380,0.196182
elo,2022,380,0.204055
elo,2023,380,0.189817
elo,2024,380,0.204089
elo,2025,380,0.210916
elo,2026,50,0.205943
dixon_coles,2003,380,0.209110
dixon_coles,2004,380,0.194209
dixon_coles,2005,380,0.199095
dixon_coles,2006,380,0.198242
dixon_coles,2007,380,0.179379
dixon_coles,2008,380,0.192202
dixon_coles,2009,380,0.189011
dixon_coles,2010,380,0.207179
dixon_coles,2011,380,0.207320
dixon_coles,2012,380,0.190374
dixon_coles,2013,380,0.200265
dixon_coles,2014,380,0.200883
dixon_coles,2015,380,0.212666
dixon_coles,2016,380,0.191313
dixon_coles,2017,380,0.192545
dixon_coles,2018,380,0.185820
dixon_coles,2019,380,0.199017
dixon_coles,2020,380,0.216750
dixon_coles,2021,380,0.195759
dixon_coles,2022,380,0.211745
dixon_coles,2023,380,0.188738
dixon_coles,2024,380,0.203870
dixon_coles,2025,380,0.209388
dixon_coles,2026,50,0.202082
market,2012,380,0.185080
market,2013,380,0.190937
market,2014,380,0.196969
market,2015,380,0.209200
market,2016,380,0.180869
market,2017,380,0.184789
market,2018,380,0.184922
market,2019,380,0.198361
market,2020,380,0.211065
market,2021,380,0.189037
market,2022,380,0.197503
market,2023,380,0.180456
market,2024,380,0.196085
market,2025,380,0.205144
market,2026,50,0.206113
